{"f1_baseline": 0.0031906674512377745, "recall_baseline": 0.0032388127963157987}